<core:FragmentDefinition
    xmlns="sap.m"
    xmlns:f="sap.ui.layout.form"
    xmlns:mvc="sap.ui.core.mvc"
    xmlns:core="sap.ui.core"
    xmlns:l="sap.ui.layout"
    xmlns:smartField="sap.ui.comp.smartfield"
>
    <Dialog
        id="fragReqRule"
        title="{i18n>New}"
    >
        <content>
            <f:SimpleForm
                id="CustomerForm"
                editable="true"
                layout="ColumnLayout"
                columnsM="1"
                columnsL="1"
                columnsXL="1"
                width="750px"
            >
                <f:content>
                   
                    <Label
                        id="SiteLable"
                        text="{i18n>site}"
                        labelFor="SiteInRR"
                        class="sapUiSmallMarginEnd"
                    />
                    <smartField:SmartField
                        id="SiteInRR"
                        value="{Plant}"
                        change="handlePlantChangeSf"
                        editable="true"
                        showSuggestion="true"
                        enabled="true"
                        visible="true"
                        width="300px"
                    >
                        
                    </smartField:SmartField>
                    <Label
                        id="CustomerLable"
                        text="{i18n>customer}"
                        labelFor="CustomerIn"
                        class="sapUiSmallMarginEnd"
                    />
                    <smartField:SmartField
                        id="CustomerIn"
                        value="{Customer}"
                        change="handlePlantChangeSf"
                        editable="true"
                        showSuggestion="true"
                        enabled="true"
                        visible="true"
                        width="300px"
                    >
                        <smartField:configuration>
                            <smartField:Configuration
                                id="SFC"
                                preventInitialDataFetchInValueHelpDialog="false"
                            />
                        </smartField:configuration>
                        <smartField:layoutData>
                            <FlexItemData
                                id="FTD"
                                growFactor="1"
                            />
                        </smartField:layoutData>
                    </smartField:SmartField>
                    <Label
                        id="CustomerRuleLable"
                        text="{i18n>CustRule}"
                        labelFor="CustomerRuleCBDialog"
                        class="sapUiSmallMarginBeginEnd"
                    />
                    <CheckBox id="CustomerRuleCBDialog" />
                    
                </f:content>
            </f:SimpleForm>
        </content>
        <footer>
            <Toolbar id="toolbarReqRule">
                <content>
                    <Button
                        id="AcceptReqRule"
                        type="Emphasized"
                        text="{i18n>BtnSave}"
                        press=".createReqRule"
                    />
                    <Button
                        id="RejectReqRule"
                        text="{i18n>BtnClose}"
                        press=".closeDialogReqRule"
                    />
                </content>
            </Toolbar>
        </footer>
    </Dialog>
</core:FragmentDefinition>
