<core:FragmentDefinition
    xmlns="sap.m"
    xmlns:f="sap.ui.layout.form"
    xmlns:mvc="sap.ui.core.mvc"
    xmlns:core="sap.ui.core"
>
    <Dialog
        id="AddRowDialogEmailNotif"
        title="{i18n>New}"
    >
        <content>
            <f:SimpleForm
                id="AddRowEmailNotifSF"
                editable="true"
                layout="ColumnLayout"
                columnsM="1"
                columnsL="1"
                columnsXL="1"
                width="750px"
            >
                <f:content>
                    <Label
                        id="LabelTypeEN"
                        text="{i18n>type}"
                        labelFor="InTypeEN"
                    />
                    <ComboBox
                        id="InTypeEN"
                        required="true"
                        width="300px"
                        selectionChange="onSelectType"
                    >
                        <core:Item
                            id="Type1"
                            key="CWA"
                            text="CWA"
                        />
                        <core:Item
                            id="Type2"
                            key="BU Waiver"
                            text="BU Waiver"
                        />
                        <core:Item
                            id="Type3"
                            key="Master Hierarchy"
                            text="Master Hierarchy"
                        />
                    </ComboBox>
                    <Label
                        id="LabelStatusEmailNotif"
                        text="{i18n>status}"
                        labelFor="InStatusEN"
                    />
                    <ComboBox
                        id="InStatusEN"
                        required="true"
                        width="300px"
                    >
                        <core:Item
                            id="Status1"
                            key="Pending Approval"
                            text="Pending Approval"
                        />
                        <core:Item
                            id="Status2"
                            key="Trigger Demand"
                            text="Trigger Demand"
                        />
                        <core:Item
                            id="Status3"
                            key="Closed"
                            text="Closed"
                        />
                        <core:Item
                            id="Status4"
                            key="Rejected"
                            text="Rejected"
                        />
                        <core:Item
                            id="Status5"
                            key="Cancelled"
                            text="Cancelled"
                        />
                        <core:Item
                            id="Status6"
                            key="Demand Error"
                            text="Demand Error"
                        />
                    </ComboBox>
                    <Label
                        id="LabelEmailRec"
                        text="{i18n>emailNotif}"
                        labelFor="InEmailNotify"
                    />
                    <MultiComboBox
                        id="InEmailNotify"
                        showSecondaryValues="true"
                        required="true"
                        items="{ path:'/RoleName'}"
                        width="300px"
                    >
                        <core:ListItem
                            id="ItemRoleNameEM"
                            key="{RoleNam}"
                            text="{RoleNam}"
                            additionalText="{RoleDesc}"
                        />
                    </MultiComboBox>
                </f:content>
            </f:SimpleForm>
        </content>
        <footer>
            <Toolbar id="toolbarEmailNotif">
                <content>
                    <Button
                        id="AcceptEmailNotif"
                        type="Emphasized"
                        text="{i18n>BtnSave}"
                        press=".createEmailNotif"
                    />
                    <Button
                        id="RejectEmail"
                        text="{i18n>BtnClose}"
                        press=".closeDialogEmailNotif"
                    />
                </content>
            </Toolbar>
        </footer>
    </Dialog>
</core:FragmentDefinition>
