<core:FragmentDefinition
    xmlns="sap.m"
    xmlns:f="sap.ui.layout.form"
    xmlns:mvc="sap.ui.core.mvc"
    xmlns:core="sap.ui.core"
>
    <Dialog
        id="AddRowDialogBTPRole"
        title="{i18n>New}"
    >
        <content>
            <VBox
                class="sapUiSmallMargin"
                id="formContainerBTPRole"
            >
                <f:SimpleForm
                    id="AddRowBTPRoleSF"
                    editable="true"
                    layout="ColumnLayout"
                    columnsM="1"
                    columnsL="1"
                    columnsXL="1"
                >
                    <f:content>
                        <Label
                            id="LabelRoleNameB"
                            text="{i18n>RoleName}"
                            labelFor="InRoleName"
                        />
                        <ComboBox
                            id="InRoleName"
                            required="true"
                            items="{ path: '/RoleName'  }"
                            width="200px"
                        >
                            <core:Item
                                id="ItemRoleName"
                                key="{RoleNam}"
                                text="{RoleNam}"
                            />
                        </ComboBox>

                        <Label
                            id="LabelBTPRole"
                            text="{i18n>BTPRole}"
                            labelFor="InBTPRole"
                        />
                        <Input
                            id="InBTPRole"
                            required="true"
                            width="200px"
                        />
                    </f:content>
                </f:SimpleForm>
            </VBox>
        </content>
        <footer>
            <Toolbar id="toolbarBTPRole">
                <content>
                    <Button
                        id="AcceptBTPRole"
                        type="Emphasized"
                        text="{i18n>BtnSave}"
                        press=".createBTPRole"
                    />
                    <Button
                        id="RejectBTPRole"
                        text="{i18n>BtnClose}"
                        press=".closeDialogBTPRole"
                    />
                </content>
            </Toolbar>
        </footer>
    </Dialog>
</core:FragmentDefinition>
