<core:FragmentDefinition
    xmlns="sap.m"
    xmlns:f="sap.ui.layout.form"
    xmlns:mvc="sap.ui.core.mvc"
    xmlns:core="sap.ui.core"
>
    <Dialog
        id="AddRowDialogRejReason"
        title="{i18n>New}"
    >
        <content>
            <VBox
                class="sapUiSmallMargin"
                id="formContainerRejReason"
            >
                <f:SimpleForm
                    id="AddRowCustomerRejReason"
                    editable="true"
                    layout="ColumnLayout"
                    columnsM="1"
                    columnsL="1"
                    columnsXL="1"
                    width="750px"
                >
                    <f:content>                        
                            <Label
                                id="LabelRejReason"
                                text="{i18n>RejReason}"
                                labelFor="InRejReason"
                            />
                            <Input
                                id="InRejReason"
                                required="true"
                                width="300px"
                            /> 
                    </f:content>
                </f:SimpleForm>
            </VBox>
        </content>
        <footer>
            <Toolbar id="toolbarRejReason">
                <content>
                    <Button
                        id="AcceptRejReason"
                        type="Emphasized"
                        text="{i18n>BtnSave}"
                        press=".createRejReason"
                    />
                    <Button
                        id="RejectReasonAddRowBtn"
                        text="{i18n>BtnClose}"
                        press=".closeDialogRejReason"
                    />
                </content>
            </Toolbar>
        </footer>
    </Dialog>
</core:FragmentDefinition>
