<core:FragmentDefinition
    xmlns="sap.m"
    xmlns:f="sap.ui.layout.form"
    xmlns:mvc="sap.ui.core.mvc"
    xmlns:core="sap.ui.core"
    xmlns:l="sap.ui.layout"
    xmlns:smartField="sap.ui.comp.smartfield"
>
    <Dialog
        id="fragEsclMat"
        title="{i18n>New}"
    >
        <content>
            <f:SimpleForm
                id="EsclMatForm"
                editable="true"
                layout="ColumnLayout"
                columnsM="1"
                columnsL="1"
                columnsXL="1"
                width="750px"
            >
                <f:content>
                    <Label
                        id="EsclMatLableCust"
                        text="{i18n>customer}"
                        labelFor="CustomerInEsclMat"
                        class="sapUiSmallMarginEnd"
                        required="true"
                    />
                    <smartField:SmartField
                        id="CustomerInEsclMat"
                        value="{Customer}"
                        change="CustChange"
                        editable="true"
                        showSuggestion="true"
                        enabled="true"
                        visible="true"
                        width="300px"
                    >
                        <smartField:configuration>
                            <smartField:Configuration
                                id="SFCEM"
                                preventInitialDataFetchInValueHelpDialog="false"
                            />
                        </smartField:configuration>
                        <smartField:layoutData>
                            <FlexItemData
                                id="FTDEM"
                                growFactor="1"
                            />
                        </smartField:layoutData>
                    </smartField:SmartField>

                    <Label
                        id="SiteEsclMatLabel"
                        text="{i18n>site}"
                        labelFor="SiteInEsclMat"
                        class="sapUiSmallMarginBeginEnd"
                        required="true"
                    />
                    <smartField:SmartField
                        id="SiteInEsclMat"
                        value="{Plant}"
                        change="SiteChange"
                        editable="true"
                        showSuggestion="true"
                        enabled="true"
                        visible="true"
                        width="300px"
                    >
                        <smartField:configuration>
                            <smartField:Configuration
                                id="SFCSite"
                                preventInitialDataFetchInValueHelpDialog="false"
                            />
                        </smartField:configuration>
                        <smartField:layoutData>
                            <FlexItemData
                                id="FTDSite"
                                growFactor="1"
                            />
                        </smartField:layoutData>
                    </smartField:SmartField>

                    <Label
                        id="CyIndEsclMatLabel"
                        text="{i18n>CyInd}"
                        labelFor="CyIndCheck"
                        class="sapUiSmallMarginBeginEnd"
                    />
                    <CheckBox id="CyIndCheck" />
                    <Label
                        id="HourEsclMatLabel"
                        text="{i18n>byHour}"
                        labelFor="InputEsclMatHour"
                        class="sapUiSmallMarginBeginEnd"
                    />
                    <Input
                        id="InputEsclMatHour"
                        type="Number"
                        width="40px"
                        required="true"
                        showValueHelp="false"
                        showSuggestion="false"
                    />
                </f:content>
            </f:SimpleForm>
        </content>
        <footer>
            <Toolbar id="toolbarEsclMat">
                <content>
                    <Button
                        id="AcceptEsclMatBtn"
                        type="Emphasized"
                        text="{i18n>BtnSave}"
                        press=".createEsclMat"
                    />
                    <Button
                        id="EsclMatRejectBtn"
                        text="{i18n>BtnClose}"
                        press=".closeDialogEsclMat"
                    />
                </content>
            </Toolbar>
        </footer>
    </Dialog>
</core:FragmentDefinition>
