<core:FragmentDefinition
    xmlns="sap.m"
    xmlns:f="sap.ui.layout.form"
    xmlns:mvc="sap.ui.core.mvc"
    xmlns:core="sap.ui.core"
>
    <Dialog
        id="EditRowDialogRejReason"
        title="{i18n>Edit}"
    >
        <content>
            <VBox
                class="sapUiSmallMargin"
                id="formContainerEditRejReason"
            >
                <f:SimpleForm
                    id="EditRowCustomerRejReason"
                    editable="true"
                    layout="ColumnLayout"
                    columnsM="1"
                    columnsL="1"
                    columnsXL="1"
                    width="750px"
                >
                    <f:content>
                        <Label
                            id="LabelEditRejReason"
                            text="{i18n>RejReason}"
                        />
                        <Input
                            id="InEditRejReason"
                            required="true"
                            value="{Description}"
                            width="300px"
                        />
                    </f:content>
                </f:SimpleForm>
            </VBox>
        </content>
        <footer>
            <Toolbar id="toolbarEditRejReason">
                <content>
                    <Button
                        id="AcceptEditRejReason"
                        type="Emphasized"
                        text="{i18n>BtnSave}"
                        press=".EditRejReasonSave"
                    />
                    <Button
                        id="EditRejectReasonClose"
                        text="{i18n>BtnClose}"
                        press=".closeDialogEditRejReason"
                    />
                </content>
            </Toolbar>
        </footer>
    </Dialog>
</core:FragmentDefinition>
