<core:FragmentDefinition
    xmlns="sap.m"
    xmlns:f="sap.ui.layout.form"
    xmlns:mvc="sap.ui.core.mvc"
    xmlns:core="sap.ui.core"
>
    <Dialog
        id="EditRowDialogEscalation"
        title="{i18n>Edit}"
        afterOpen="onAfterOpenEditDialogEscalation"
    >
        <content>
            <f:SimpleForm
                id="EditRowEscalationSF"
                editable="true"
                layout="ColumnLayout"
                columnsM="1"
                columnsL="1"
                columnsXL="1"
                width="750px"
            >
                <f:content>
                    <Label
                        id="EditLabelCustEscalation"
                        text="{i18n>customer}"
                        labelFor="InEditCustEscl"
                    />
                    <Input
                        id="InEditCustEscl"
                        required="true"
                        width="300px"
                        value="{Customer}"
                        editable="false"
                    />
                    <Label
                        id="EditLabelSiteEscl"
                        text="{i18n>site}"
                        labelFor="InEditSiteEscl"
                    />
                    <Input
                        id="InEditSiteEscl"
                        required="true"
                        value="{Site}"
                        width="300px"
                        editable="false"
                    />
                    <Label
                        id="LabelEditCyIndEscl"
                        text="{i18n>CyInd}"
                        labelFor="InEditCyIndEscl"
                    />
                    <CheckBox
                        id="InEditCyIndEscl"
                        required="true"
                        width="300px"
                        selected="{CycleIndicator}"
                    />
                     <Label
                        id="LabelEditByHour"
                        text="{i18n>byHour}"
                        labelFor="InEditByHour"
                    />
                    <Input
                        id="InEditByHour"
                        required="true"
                        width="50px"
                        value="{ByHour}"
                    />
                </f:content>
            </f:SimpleForm>
        </content>
        <footer>
            <Toolbar id="toolbarEsclEdit">
                <content>
                    <Button
                        id="AcceptEsclMatEdit"
                        type="Emphasized"
                        text="{i18n>BtnSave}"
                        press=".EditEsclMat"
                    />
                    <Button
                        id="RejectEsclMatEdit"
                        text="{i18n>BtnClose}"
                        press=".closeDialogEsclMatEdit"
                    />
                </content>
            </Toolbar>
        </footer>
    </Dialog>
</core:FragmentDefinition>
