<core:FragmentDefinition
    xmlns="sap.m"
    xmlns:f="sap.ui.layout.form"
    xmlns:mvc="sap.ui.core.mvc"
    xmlns:core="sap.ui.core"
>
    <Dialog
        id="EditRowDialogEmailNotif"
        title="{i18n>Edit}"
        afterOpen="onAfterOpenEditDialog"
    >
        <content>
            <f:SimpleForm
                id="EditRowEmailNotifSF"
                editable="true"
                layout="ColumnLayout"
                columnsM="1"
                columnsL="1"
                columnsXL="1"
                width="750px"
            >
                <f:content>
                    <Label
                        id="EditLabelTypeEN"
                        text="{i18n>type}"
                        labelFor="InEditTypeEN"
                    />
                    <ComboBox
                        id="InEditTypeEN"
                        required="true"
                        width="300px"
                        value="{Type}"
                        editable="false"
                        selectionChange="onSelectType"
                    >
                        <core:Item
                            id="Type1Edit"
                            key="CWA"
                            text="CWA"
                        />
                        <core:Item
                            id="Type2Edit"
                            key="BU Waiver"
                            text="BU Waiver"
                        />
                        <core:Item
                            id="Type3Edit"
                            key="SAP Demand"
                            text="SAP Demand"
                        />
                        <core:Item
                            id="Type4Edit"
                            key="Master Hierarchy"
                            text="Master Hierarchy"
                        />
                    </ComboBox>
                    <Label
                        id="EditLabelStatusEmailNotif"
                        text="{i18n>status}"
                        labelFor="InEditStatusEN"
                    />
                    <ComboBox
                        id="InEditStatusEN"
                        required="true"
                        value="{Status}"
                        items="{ path:'/CWAStatuses'}"
                        width="300px"
                        editable="false"
                    >
                        <core:Item
                            id="ItemStatusEMEdit"
                            key="{descr}"
                            text="{descr}"
                        />
                    </ComboBox>
                    <Label
                        id="LabelEditEmailRec"
                        text="{i18n>emailNotif}"
                        labelFor="InEditEmailNotify"
                    />
                    <MultiComboBox
                        id="InEditEmailNotify"
                        showSecondaryValues="true"
                        required="true"
                        items="{ path:'/RoleName'}"
                        width="300px"
                        value="{EmailNotify}"
                    >
                        <core:ListItem
                            id="ItemRoleNameEMEdit"
                            key="{RoleNam}"
                            text="{RoleNam}"
                            additionalText="{RoleDesc}"
                        />
                    </MultiComboBox>
                </f:content>
            </f:SimpleForm>
        </content>
        <footer>
            <Toolbar id="toolbarEmailNotifEdit">
                <content>
                    <Button
                        id="AcceptEmailNotifEdit"
                        type="Emphasized"
                        text="{i18n>BtnSave}"
                        press=".EditEmailNotif"
                    />
                    <Button
                        id="RejectEmailEdit"
                        text="{i18n>BtnClose}"
                        press=".closeDialogEmailNotifEdit"
                    />
                </content>
            </Toolbar>
        </footer>
    </Dialog>
</core:FragmentDefinition>
