{
  "xsappname": "globalcostroll",
  "tenant-mode": "dedicated",
  "description": "Security profile of called application",
  "scopes": [
    {
      "name": "uaa.user",
      "description": "UAA"
    },
    {
      "name": "$XSAPPNAME.jobscheduler",
      "description": "JobScheduler Scope",
      "grant-as-authority-to-apps": [
        "$XSSERVICENAME(costroll-job-schedule)"
      ]
    }
  ],
  "role-templates": [
    {
      "name": "Token_Exchange",
      "description": "UAA",
      "scope-references": [
        "uaa.user"
      ]
    }
  ]
}
