<core:FragmentDefinition
    xmlns="sap.m"
    xmlns:f="sap.ui.layout.form"
    xmlns:mvc="sap.ui.core.mvc"
    xmlns:core="sap.ui.core"
    xmlns:l="sap.ui.layout"
    xmlns:smartField="sap.ui.comp.smartfield"
>
    <Dialog
        id="AddRowDialogWaiverThreshold"
        title="{i18n>AddMPSBU}"
    >
        <content>
            <f:SimpleForm
                id="AddRowWaiverThreshold"
                editable="true"
                layout="ColumnLayout"
                columnsM="1"
                columnsL="1"
                columnsXL="1"
                width="750px"
            >
                <f:content>
                    <Label
                        id="LabelSegment"
                        text="{i18n>segment}"
                        labelFor="InSegment"
                    />
                    <smartField:SmartField
                        id="InSegment"
                        value="{Segment}"
                        change="SegmentChange"
                        editable="true"
                        showSuggestion="true"
                        enabled="true"
                        visible="true"
                        width="300px"
                    >
                        <smartField:configuration>
                            <smartField:Configuration
                                id="SFCWT"
                                preventInitialDataFetchInValueHelpDialog="false"
                            />
                        </smartField:configuration>
                        <smartField:layoutData>
                            <FlexItemData
                                id="FTDWT"
                                growFactor="1"
                            />
                        </smartField:layoutData>
                    </smartField:SmartField>
                   
                    <Label
                        id="LabelDivision"
                        text="{i18n>division}"
                        labelFor="InDivision"
                    />
                    <smartField:SmartField
                        id="InDivision"
                        value="{Division}"
                        change="DivisionChange"
                        editable="true"
                        showSuggestion="true"
                        enabled="true"
                        visible="true"
                        width="300px"
                    >
                        <smartField:configuration>
                            <smartField:Configuration
                                id="SFCWTDivision"
                                preventInitialDataFetchInValueHelpDialog="false"
                            />
                        </smartField:configuration>
                        <smartField:layoutData>
                            <FlexItemData
                                id="FTDWTDivision"
                                growFactor="1"
                            />
                        </smartField:layoutData>
                    </smartField:SmartField>
                   
                    <Label
                        id="LabelLevel"
                        text="{i18n>level}"
                        labelFor="InLevel"
                    />
                    <Input
                        id="InLevel"
                        required="true"
                        width="300px"
                    />
                    <Label
                        id="LabelWaiverType"
                        text="{i18n>waiverTy}"
                        labelFor="InWaiverType"
                    />
                     <ComboBox
                        id="InWaiverType"
                        required="true"
                        width="300px"
                    >
                        <core:Item
                            id="WvType1"
                            key="MPS Alignment"
                            text="MPS Alignment"
                        />
                        <core:Item
                            id="WvType2"
                            key="Outside Procurement Waiver"
                            text="Outside Procurement Waiver"
                        />
                    </ComboBox>
                    
                    <Label
                        id="LabelThresholdPer"
                        text="{i18n>thresholdin}"
                        labelFor="InThresholdPer"
                    />
                    <Input
                        id="InThresholdPer"
                        required="false"
                        width="300px"
                        type="Number"
                    />
                    <Label
                        id="LabelThresholdVal"
                        text="{i18n>thresholdan}"
                        labelFor="InThresholdVal"
                    />
                    <Input
                        id="InThresholdVal"
                        required="false"
                        width="300px"
                        type="Number"
                    />
                </f:content>
            </f:SimpleForm>
        </content>
        <footer>
            <Toolbar id="toolbarWaiverThreshold">
                <content>
                    <Button
                        id="AcceptWaiverThreshold"
                        type="Emphasized"
                        text="{i18n>BtnSave}"
                        press=".createWaiverThreshold"
                    />
                    <Button
                        id="RejectWaiverThresholdBtn"
                        text="{i18n>BtnClose}"
                        press=".closeDialogWaiverThreshold"
                    />
                </content>
            </Toolbar>
        </footer>
    </Dialog>
</core:FragmentDefinition>
