<core:FragmentDefinition
    xmlns="sap.m"
    xmlns:f="sap.ui.layout.form"
    xmlns:mvc="sap.ui.core.mvc"
    xmlns:core="sap.ui.core"
>
    <Dialog
        id="EditRowDialogRole"
        title="{i18n>EditRoleDesp}"
    >
        <content>
            <VBox
                class="sapUiSmallMargin"
                id="formContainerEditRole"
            >
                <f:SimpleForm
                    id="EditRowRoleDesc"
                    editable="true"
                    layout="ColumnLayout"
                    columnsM="1"
                    columnsL="1"
                    columnsXL="1"
                >
                    <f:content>                        
                            <Label
                                id="LabelEditRoleDesc"
                                text="{i18n>RoleDesc}"
                            />
                            <Input
                                id="InEditRoleDesc"
                                required="true"
                                value="{RoleDesc}"
                            /> 
                    </f:content>
                </f:SimpleForm>
            </VBox>
        </content>
        <footer>
            <Toolbar id="toolbarEditRole">
                <content>
                    <Button
                        id="AcceptEditRoleDesc"
                        type="Emphasized"
                        text="{i18n>BtnSave}"
                        press=".EditRoleDescSave"
                    />
                    <Button
                        id="EditRoleClose"
                        text="{i18n>BtnClose}"
                        press=".closeDialogEditRoleDesc"
                    />
                </content>
            </Toolbar>
        </footer>
    </Dialog>
</core:FragmentDefinition>