<core:FragmentDefinition
    xmlns="sap.m"
    xmlns:f="sap.ui.layout.form"
    xmlns:mvc="sap.ui.core.mvc"
    xmlns:core="sap.ui.core"
    xmlns:l="sap.ui.layout"
    xmlns:smartField="sap.ui.comp.smartfield"
    xmlns:smartmultiinput="sap.ui.comp.smartmultiinput"
>
    <Dialog
        id="AddNewUserDialog"
        title="{i18n>AddNewItemTitle}"
    >
        <content>
            <f:SimpleForm
                id="AddNewItemForm"
                editable="true"
                layout="ColumnLayout"
                labelSpanXL="4"
                labelSpanL="4"
                labelSpanM="12"
                labelSpanS="12"
                adjustLabelSpan="false"
                emptySpanXL="0"
                emptySpanL="0"
                emptySpanM="0"
                emptySpanS="0"
                columnsXL="2"
                columnsL="2"
                columnsM="1"
                singleContainerFullSize="false"
                width="750px"
                class="sapUiNoMarginTop sapUiNoMarginEnd"
            >
                <f:content>
                    <Label
                        text="{i18n>lblCompCode}"
                        labelFor="InUser"
                        required="true"
                    />
                    <Input
                        value="{ApprovalMatrix>/companyCode}"
                        width="300px"
                        editable="{ViewModel>/Add}"
                        showSuggestion="true"
                        showValueHelp="true"
                        change="onCompanyCodeChange"
                        valueHelpRequest="onCompanyCodeValueHelpRequest"
                        suggestionItems="{ValueHelpModel>/CompanyCodes}"
                        valueState="{ViewModel>/CompanyCodeValueState}"
                    >
                        <suggestionItems>
                            <core:Item text="{ValueHelpModel>companyCode}" />
                        </suggestionItems>
                    </Input>

                    <Label text="{i18n>lblPlant}" required="true"/>
                    <Input
                        value="{ApprovalMatrix>/plantCode}"
                        width="300px"
                        editable="{= ${ApprovalMatrix>/companyCode} !== '' &amp;&amp; ${ViewModel>/Add} === true}"
                        showSuggestion="true"
                        showValueHelp="true"
                        valueHelpRequest="onPlantValueHelpRequest"
                        suggestionItems="{ValueHelpModel>/Plant}"
                        valueState="{ViewModel>/PlantCodeValueState}"
                        change="onPlantCodeChange"
                    >
                        <suggestionItems>
                            <core:Item text="{ValueHelpModel>plantCode}" />
                        </suggestionItems>
                    </Input>

                    <Label text="{i18n>lblProfitCenter}" required="true"/>
                    <!-- value="{ApprovalMatrix>/profitCenter}" -->
                    <!-- <MultiInput
                        id="ProfitCenterMultiInput"
                        width="300px"
                        editable="{= ${ApprovalMatrix>/companyCode} !== '' &amp;&amp; ${ViewModel>/Add} === true}"
                        showSuggestion="true"
                        showValueHelp="true"
                        valueHelpRequest="onProfitCenterValueHelpRequest"
                        suggestionItems="{ValueHelpModel>/ProfitCenter}"
                        valueState="{ViewModel>/ProfitCenterValueState}"
                        tokenUpdate="onProfitCenterTokenUpdate"
                        change="onProfitCenterChange"
                    >
                        <suggestionItems>
                            <core:Item text="{ValueHelpModel>profitCenter}" />
                        </suggestionItems>
                    </MultiInput> -->
                    <Input
                        id="ProfitCenterMultiInput"
                        width="300px"
                        value="{ApprovalMatrix>/profitCenter}"
                        editable="{= ${ApprovalMatrix>/companyCode} !== '' &amp;&amp; ${ViewModel>/Add} === true}"
                        showSuggestion="true"
                        showValueHelp="true"
                        valueHelpRequest="onProfitCenterValueHelpRequest"
                        suggestionItems="{ValueHelpModel>/ProfitCenter}"
                        valueState="{ViewModel>/ProfitCenterValueState}"
                        change="onProfitCenterChange"
                    >
                        <suggestionItems>
                            <core:Item text="{ValueHelpModel>profitCenter}" />
                        </suggestionItems>
                    </Input>
                    <Label text="{i18n>lblMaterialType}" required="true"/>
                    <!-- tokenUpdate="onMaterialTypeTokenUpdate" -->
                    <!-- id="MaterialTypeMultiInput" -->
                    <MultiInput
                        id="MaterialTypeMultiInput"
                        width="300px"
                        editable="{= ${ApprovalMatrix>/companyCode} !== '' &amp;&amp; ${ViewModel>/Add} === true}"
                        showSuggestion="true"
                        showValueHelp="true"
                        valueHelpRequest="onMaterialTypeValueHelpRequest"
                        suggestionItems="{ValueHelpModel>/MaterialType}"
                        valueState="{ViewModel>/MaterialTypeValueState}"
                        tokenUpdate="onMaterialTypeTokenUpdate"
                        change="onMaterialTypeChange"
                    >
                        <suggestionItems>
                            <core:Item text="{ValueHelpModel>materialType}" />
                        </suggestionItems>
                    </MultiInput>
                    <!-- <Input
                        width="300px"
                        value="{ApprovalMatrix>/materialType}"
                        editable="{= ${ApprovalMatrix>/companyCode} !== '' &amp;&amp; ${ViewModel>/Add} === true}"
                        showSuggestion="true"
                        showValueHelp="true"
                        valueHelpRequest="onMaterialTypeValueHelpRequest"
                        suggestionItems="{ValueHelpModel>/MaterialType}"
                        valueState="{ViewModel>/MaterialTypeValueState}"
                        change="onMaterialTypeChange"
                    >
                        <suggestionItems>
                            <core:Item text="{ValueHelpModel>materialType}" />
                        </suggestionItems>
                    </Input> -->
                    <Label text="{i18n>lblRouteID}" required="true"/>
                    <Input
                        value="{ApprovalMatrix>/routeID}"
                        width="300px"
                        showValueHelp="true"
                        change="onRouteIDChange"
                        valueHelpRequest="onRouteIDValueHelpRequest"
                        suggestionItems="{ValueHelpModel>/RouteIDs}"
                        valueState="{ViewModel>/RouteIDValueState}"
                    >
                        <suggestionItems>
                            <core:Item text="{ValueHelpModel>routeID}" />
                        </suggestionItems>
                    </Input>
                </f:content>
            </f:SimpleForm>
        </content>
        <footer>
            <OverflowToolbar>
                <content>
                    <Button
                        type="Emphasized"
                        text="{i18n>BtnSave}"
                        press="onSave"
                    />
                    <Button
                        text="{i18n>BtnClose}"
                        press="onCloseNewItemDialog"
                    />
                </content>
            </OverflowToolbar>
        </footer>
    </Dialog>
</core:FragmentDefinition>
