<core:FragmentDefinition
    xmlns="sap.m"
    xmlns:f="sap.ui.layout.form"
    xmlns:mvc="sap.ui.core.mvc"
    xmlns:core="sap.ui.core"
    xmlns:l="sap.ui.layout"
    xmlns:smartField="sap.ui.comp.smartfield"
    xmlns:smartmultiinput="sap.ui.comp.smartmultiinput"
>
    <Dialog
        id="EditUserDialog"
        title="{i18n>EditItemTitle}"
    >
        <content>
            <f:SimpleForm
                id="EditItemForm"
                editable="true"
                layout="ColumnLayout"
                labelSpanXL="4"
                labelSpanL="4"
                labelSpanM="12"
                labelSpanS="12"
                adjustLabelSpan="false"
                emptySpanXL="0"
                emptySpanL="0"
                emptySpanM="0"
                emptySpanS="0"
                columnsXL="2"
                columnsL="2"
                columnsM="1"
                singleContainerFullSize="false"
                width="750px"
                class="sapUiNoMarginTop sapUiNoMarginEnd"
            >
                <f:content>
                    <Label
                        text="{i18n>lblCompCode}"
                        labelFor="InUser"
                    />
                    <Input value="{ApprovalMatrix>/companyCode}"/>
                    <!-- <smartField:SmartField
                        id="CompanyCodeSF"
                        value="{SAPReqPlan}"
                        showSuggestion="true"
                        visible="true"
                        innerControlsCreated="onInnerControlsCreatedComp"
                    >
                        <smartField:configuration>
                            <smartField:Configuration
                                preventInitialDataFetchInValueHelpDialog="false"
                            />
                        </smartField:configuration>
                        <smartField:layoutData>
                            <FlexItemData growFactor="1" />
                        </smartField:layoutData>
                    </smartField:SmartField> -->

                    <Label text="{i18n>lblPlant}" />
                    <!-- <smartField:SmartField
                        id="PlantSF"
                        value="{SAPReqPlan}"
                        showSuggestion="true"
                        visible="true"
                        innerControlsCreated="onInnerControlsCreatedPlant"
                    >
                        <smartField:configuration>
                            <smartField:Configuration
                                preventInitialDataFetchInValueHelpDialog="false"
                            />
                        </smartField:configuration>
                        <smartField:layoutData>
                            <FlexItemData growFactor="1" />
                        </smartField:layoutData>
                    </smartField:SmartField> -->
                    <Input value="{ApprovalMatrix>/plantCode}"/>

                    <Label text="{i18n>lblProfitCenter}" />
                    <Input value="{ApprovalMatrix>/profitCenter}" />
                    <Label text="{i18n>lblMaterialType}" />
                    <Input value="{ApprovalMatrix>/materialType}" />
                    <Label text="{i18n>lblRouteID}" />
                    <Input value="{ApprovalMatrix>/routeID}" />
                </f:content>
            </f:SimpleForm>
        </content>
        <footer>
            <OverflowToolbar id="toolbarEditUser">
                <content>
                    <Button
                        type="Emphasized"
                        text="{i18n>BtnSave}"
                        press="updateUser"
                    />
                    <Button
                        text="{i18n>BtnClose}"
                        press="onCloseEditItemDialog"
                    />
                </content>
            </OverflowToolbar>
        </footer>
    </Dialog>
</core:FragmentDefinition>
