<core:FragmentDefinition
    xmlns="sap.m"
    xmlns:core="sap.ui.core"
    xmlns:f="sap.ui.layout.form"
>
    <Dialog
        id="ForwardDialog"
        title="{i18n>forwardDialogTitle}"
        resizable="false"
        draggable="false"
        contentWidth="40%"
    >
        <content>
            <VBox alignContent="Center">
                <HBox class="sapUiSmallMarginBeginEnd">
                    <Label
                        class="sapUiTinyMargin"
                        required="true"
                        text="{i18n>lblUserEmail}"
                        design="Bold"
                    />
                    <Input
                        id="EmailForward"
                        value="{ViewModel>/ForwardEmail}"
                        valueState="{ViewModel>/ForwardEmailValueState}"
                        change="onForwardEmailChange"
                    />
                </HBox>
                <HBox class="sapUiSmallMarginBeginEnd">
                    <Label
                        class="sapUiTinyMargin"
                        required="true"
                        text="{i18n>lblComments}"
                        design="Bold"
                    />
                    <TextArea
                        value="{ViewModel>/Comments}"
                        valueState="{ViewModel>/CommentsValueState}"
                        change="onCommentsChange"
                        cols="100"
                        maxLength="2000"
                    />

                    <!-- <ComboBox
                        id="ForwardEmailComboBox"
                        items="{ViewModel>/EmailIDs}"
                        change="onEmailIDSelect"
                        valueState="{ViewModel>/EmailIDValueState}"
                    >
                        <core:ListItem
                            text="{ViewModel>Email}"
                            key="{ViewModel>Email}"
                        />
                    </ComboBox> -->
                </HBox>
            </VBox>
        </content>
        <buttons>
            <Button
                text="{i18n>btnForward}"
                tooltip="{i18n>btnForward}"
                press="onPerformForward"
            />
            <Button
                text="{i18n>cancelBtn}"
                tooltip="{i18n>cancelBtn}"
                press="onCancel"
            />
        </buttons>
    </Dialog>
</core:FragmentDefinition>
