<core:FragmentDefinition
    xmlns="sap.m"
    xmlns:core="sap.ui.core"
    xmlns:ui="sap.ui.table"
>
    <Dialog
        id="ItemsDialog"
        title="{i18n>ItemsDialog}"
        resizable="true"
        draggable="true"
        contentHeight="90%"
        contentWidth="90%"
    >
        <content>
            <ui:Table rows="{ViewModel>/Items}" selectionMode="None" rowMode="{ViewModel>/RowMode}">
                <ui:columns>
                    <ui:Column
                        tooltip="{i18n>LblPartNumber}"
                        sortProperty="Plant"
                        filterProperty="Plant"
                        autoResizable="true"
                        width="15em"
                    >
                        <Label text="{i18n>LblPartNumber}" />
                        <ui:template>
                            <Text text="{ViewModel>partNumber}" />
                        </ui:template>
                    </ui:Column>
                    <ui:Column
                        tooltip="{i18n>LblPartNumber}"
                        sortProperty="partNumber"
                        filterProperty="partNumber"
                        autoResizable="true"
                        width="10em"
                    >
                        <Label text="{i18n>LblPartNumber}" />
                        <ui:template>
                            <Text text="{ViewModel>partNumber}" />
                        </ui:template>
                    </ui:Column>
                    <ui:Column
                        tooltip="{i18n>LblProfitCenter}"
                        sortProperty="profitCenter"
                        filterProperty="profitCenter"
                        autoResizable="true"
                        width="10em"
                    >
                        <Label text="{i18n>LblProfitCenter}" />
                        <ui:template>
                            <Text text="{ViewModel>profitCenter}" />
                        </ui:template>
                    </ui:Column>
                    <ui:Column
                        tooltip="{i18n>LblSTDTodayPrice}"
                        sortProperty="STDpriceToday"
                        filterProperty="STDpriceToday"
                        autoResizable="true"
                        width="10em"
                    >
                        <Label text="{i18n>LblSTDTodayPrice}" />
                        <ui:template>
                            <Text text="{ViewModel>STDpriceToday}" />
                        </ui:template>
                    </ui:Column>
                    <ui:Column
                        tooltip="{i18n>LblActualCost}"
                        sortProperty="actualCost"
                        filterProperty="actualCost"
                        autoResizable="true"
                        width="10em"
                    >
                        <Label text="{i18n>LblActualCost}" />
                        <ui:template>
                            <Text text="{ViewModel>actualCost}" />
                        </ui:template>
                    </ui:Column>
                    <ui:Column
                        tooltip="{i18n>LblMaterialType}"
                        sortProperty="materialType"
                        filterProperty="materialType"
                        autoResizable="true"
                        width="6em"
                    >
                        <Label text="{i18n>LblMaterialType}" />
                        <ui:template>
                            <Text text="{ViewModel>materialType}" />
                        </ui:template>
                    </ui:Column>
                    <ui:Column
                        tooltip="{i18n>LblCurrentPlannedPrice}"
                        sortProperty="plannedPrice"
                        filterProperty="plannedPrice"
                        autoResizable="true"
                        width="10em"
                    >
                        <Label text="{i18n>LblCurrentPlannedPrice}" />
                        <ui:template>
                            <Text text="{ViewModel>plannedPrice}" />
                        </ui:template>
                    </ui:Column>
                    <ui:Column
                        tooltip="{i18n>LblFuturePrice}"
                        sortProperty="futurePrice"
                        filterProperty="futurePrice"
                        autoResizable="true"
                        width="10em"
                        visible="false"
                    >
                        <Label text="{i18n>LblFuturePrice}" />
                        <ui:template>
                            <Text text="{ViewModel>futurePrice}" />
                        </ui:template>
                    </ui:Column>
                    <ui:Column
                        tooltip="{i18n>LblFuturePriceFrom}"
                        sortProperty="futurePriceFrom"
                        filterProperty="futurePriceFrom"
                        autoResizable="true"
                        width="10em"
                        visible="false"
                    >
                        <Label text="{i18n>LblFuturePriceFrom}" />
                        <ui:template>
                            <Text text="{ViewModel>futurePriceFrom}" />
                        </ui:template>
                    </ui:Column>
                    <ui:Column
                        tooltip="{i18n>LblFuturePriceLocal}"
                        sortProperty="futurePriceLocal"
                        filterProperty="futurePriceLocal"
                        autoResizable="true"
                        width="15em"
                    >
                        <Label text="{i18n>LblFuturePriceLocal}" />
                        <ui:template>
                            <Text text="{ViewModel>futurePriceLocal}" />
                        </ui:template>
                    </ui:Column>
                    <ui:Column
                        tooltip="{i18n>LblFuturePriceFromLocal}"
                        sortProperty="futurePriceFromLocal"
                        filterProperty="futurePriceFromLocal"
                        autoResizable="true"
                        width="18em"
                    >
                        <Label text="{i18n>LblFuturePriceFromLocal}" />
                        <ui:template>
                            <Text text="{ViewModel>futurePriceFromLocal}" />
                        </ui:template>
                    </ui:Column>
                    <ui:Column
                        tooltip="{i18n>LblFuturePriceGroup}"
                        sortProperty="futurePriceGroup"
                        filterProperty="futurePriceGroup"
                        autoResizable="true"
                        width="15em"
                    >
                        <Label text="{i18n>LblFuturePriceGroup}" />
                        <ui:template>
                            <Text text="{ViewModel>futurePriceGroup}" />
                        </ui:template>
                    </ui:Column>
                    <ui:Column
                        tooltip="{i18n>LblFuturePriceFromGroup}"
                        sortProperty="futurePriceFromGroup"
                        filterProperty="futurePriceFromGroup"
                        autoResizable="true"
                        width="18em"
                    >
                        <Label text="{i18n>LblFuturePriceFromGroup}" />
                        <ui:template>
                            <Text text="{ViewModel>futurePriceFromGroup}" />
                        </ui:template>
                    </ui:Column>
                    <ui:Column
                        tooltip="{i18n>LblExpectedCost}"
                        sortProperty="expectedCost"
                        filterProperty="expectedCost"
                        autoResizable="true"
                        width="10em"
                    >
                        <Label text="{i18n>LblExpectedCost}" />
                        <ui:template>
                            <Text text="{ViewModel>expectedCost}" />
                        </ui:template>
                    </ui:Column>
                    <ui:Column
                        tooltip="{i18n>LblExpectedCost}"
                        sortProperty="expectedCost"
                        filterProperty="expectedCost"
                        autoResizable="true"
                        width="10em"
                    >
                        <Label text="{i18n>LblExpectedCost}" />
                        <ui:template>
                            <Text text="{ViewModel>expectedCost}" />
                        </ui:template>
                    </ui:Column>
                </ui:columns>
            </ui:Table>
        </content>
        <buttons>
			<Button text="{i18n>closeBtn}" tooltip="{i18n>closeBtn}" press="onCloseItemsDialog"></Button>
		</buttons>
    </Dialog>
</core:FragmentDefinition>
