<core:FragmentDefinition
    xmlns="sap.m"
    xmlns:core="sap.ui.core"
    xmlns:f="sap.ui.layout.form"
>
    <Dialog
        id="WithdrawCommentsDialog"
        title="{i18n>withdrawCommentsDialogTitle}"
        resizable="false"
        draggable="false"
        contentWidth="40%"
    >
        <content>
            <VBox alignContent="Center">
                <HBox class="sapUiSmallMarginBeginEnd">
                    <Label
                        class="sapUiTinyMargin"
                        required="true"
                        text="{i18n>lblComments}"
                        design="Bold"
                    />
                    <TextArea
                        id="WithdrawComments"
                        value="{ViewModel>/WithdrawComments}"
                        cols="100"
                        maxLength="2000"
                        valueState="{ViewModel>/WithdrawCommentsValueState}"
                        change="onWithdrawCommentsChange"
                    />
                </HBox>
            </VBox>
        </content>
        <buttons>
            <Button
                text="{i18n>btnWithdraw}"
                tooltip="{i18n>btnForward}"
                press="onPerformWithdraw"
            />
            <Button
                text="{i18n>cancelBtn}"
                tooltip="{i18n>cancelBtn}"
                press="onCancelWithdraw"
            />
        </buttons>
    </Dialog>
</core:FragmentDefinition>
