CREATEDAT	CREATEDBY	MODIFIEDAT	MODIFIEDBY	ROLENAM	ROLEDESC
				SOM	Site Operations Manager/ Director
				SFM	Site Finance Controller
				BUMP	BU Sr. Dir/ BU VP
				GSCD	Giobal SC Director
				GSCVP	Global SC VP
				OVP	Operations Sr. Dir /Oos VP
				FC	Sr. Finance Controller/ Commercial Finance Director
				SFC	BU Sr. VP
				SOVP	Sr. Operations VP
				SFVP	Sr. Finance VP
				CFO	CFO
				CEO	President or CEO
				Regional Admin	Regional Administrator
				PL	Planner
				Site Admin	Site SME
				WCM	Workcell Manager
				SPM	Site Planning Manager
				BUM	Site BU Manager/Director Changed
				APD	Adv. Planning Director/Segment SC Director
				Global Admin	Global Administrator
