<core:FragmentDefinition
    xmlns="sap.m"
    xmlns:core="sap.ui.core"
>
    <SelectDialog
        id="CompanyCodeSelectDialog"
        title="{i18n>compCodeTitle}"
        items="{ValueHelpModel>/CompanyCodes}"
        search="onValueHelpCompanyCodeSearch"
        confirm="onValueHelpCompanyCodeClose"
        cancel="onValueHelpCompanyCodeClose"
    >
        <StandardListItem title="{ValueHelpModel>COMPANYCODE}" />
    </SelectDialog>
    <!-- <TableSelectDialog
        id="CompanyCodeSelectDialog"
        noDataText="No Company Code Found"
        title="Select Company Code"
        searchPlaceholder="Search Company Code"
        search="onValueHelpCompanyCodeSearch"
        confirm="onValueHelpCompanyCodeClose"
        cancel="onValueHelpCompanyCodeClose"
        showClearButton="true"
        items="{ValueHelpModel>/CompanyCodes}"
    >
        <ColumnListItem selected="{selected}">
            <cells>
                <Text text="{ValueHelpModel>COMPANYCODE}" />
                <Text text="{ValueHelpModel>PLANTCODE}" />
            </cells>
        </ColumnListItem>
        <columns>
            <Column>
                <header>
                    <Text text="Company Code" />
                </header>
            </Column>
            <Column>
                <header>
                    <Text text="Plant" />
                </header>
            </Column>
        </columns>
    </TableSelectDialog> -->
</core:FragmentDefinition>
