<core:FragmentDefinition xmlns="sap.m" xmlns:core="sap.ui.core" xmlns:f="sap.ui.layout.form">
	<Dialog id="DraftNameDialog" title="{i18n>draftNameDialogTitle}" resizable="false" draggable="false" contentWidth="40%">
		<content>
			<VBox alignContent="Center">
				<HBox class="sapUiSmallMarginBeginEnd">
					<Label class="sapUiTinyMargin" required="true" text="{i18n>lblDraft}" design="Bold"/>
					<Input value="{ViewModel>/DraftName}" valueState="{ViewModel>/DraftNameValueState}"
					editable="{= ${CostRollModel>/draftName} === ''}"/>
				</HBox>
			</VBox>
		</content>
		<buttons>
			<Button text="{i18n>btnSaveDraft}" tooltip="{i18n>btnSaveDraft}" press="onSaveDraftDialog"></Button>
			<Button text="{i18n>cancelBtn}" tooltip="{i18n>cancelBtn}" press="onCancelDraftDialog"></Button>
		</buttons>
	</Dialog>
</core:FragmentDefinition>