<core:FragmentDefinition
    xmlns="sap.m"
    xmlns:f="sap.ui.layout.form"
    xmlns:mvc="sap.ui.core.mvc"
    xmlns:core="sap.ui.core"
    xmlns:l="sap.ui.layout"
    xmlns:smartField="sap.ui.comp.smartfield"
    xmlns:smartmultiinput="sap.ui.comp.smartmultiinput"
>
    <Dialog
        id="AddRowRoleAssignDialog2"
        title="{i18n>AddRole}"
        beforeOpen="onBeforeOpenAddDialog2"
        afterOpen="onOpenOpenAddDialog2"
        class="sapUiNoMarginTop sapUiNoMarginEnd"
    >
        <content>
            <f:SimpleForm
                id="AddRowRoleAssign0"
                editable="true"
                layout="ColumnLayout"
                labelSpanXL="4"
                labelSpanL="4"
                labelSpanM="12"
                labelSpanS="12"
                adjustLabelSpan="false"
                emptySpanXL="0"
                emptySpanL="0"
                emptySpanM="0"
                emptySpanS="0"
                columnsXL="2"
                columnsL="2"
                columnsM="1"
                singleContainerFullSize="false"
                width="750px"
                class="sapUiNoMarginTop sapUiNoMarginEnd"
            >
                <f:content>
                    <Label
                        id="LabelUser2"
                        text="{i18n>user}"
                        labelFor="InUser2"
                    />

                    <Input
                        id="InUser2"
                        required="true"
                        width="300px"
                        showValueHelp="true"
                        showSuggestion="true"
                        editable="true"
                        liveChange="handleSearchUser"
                        valueHelpRequest="onValueHelpChangeLogRequestedUser"
                        suggestionItems="{GraphUser>/}"
                        suggestionItemSelected="handleConfirmUser"
                    >
                        <suggestionItems>
                            <core:Item
                                key="{GraphUser>mail}"
                                text="{GraphUser>displayName}"
                            />
                            <!-- <core:Item text="{GraphUser>displayName}" /> -->
                        </suggestionItems>
                    </Input>

                    <Label
                        id="LabelUserName2"
                        text="{i18n>userName}"
                        labelFor="InUserName2"
                    />
                    <Input
                        id="InUserName2"
                        required="true"
                        value="{UserName}"
                        editable="true"
                        width="300px"
                    />
                    <Label
                        id="LabelRoleName2"
                        text="{i18n>RoleName}"
                        labelFor="InRoleNameAssign2"
                    />
                    <MultiComboBox
                        id="InRoleNameAssign2"
                        showSecondaryValues="true"
                        required="true"
                        items="{ path: '/RoleName'  }"
                        width="300px"
                    >
                        <core:ListItem
                            id="ItemRoleName2"
                            key="{RoleNam}"
                            text="{RoleNam}"
                            additionalText="{RoleDesc}"
                        />
                    </MultiComboBox>

                    <Label
                        id="LabelAppType2"
                        text="{i18n>type}"
                        labelFor="InAppType2"
                    />
                    <ComboBox
                        id="InAppType2"
                        required="true"
                        width="300px"
                    >
                        <core:Item
                            id="ItemType12"
                            key="CWA"
                            text="CWA"
                        />
                        <core:Item
                            id="ItemType22"
                            key="BU Waiver"
                            text="BU Waiver"
                        />
                        <core:Item
                            id="ItemType32"
                            key="CWA, BU Waiver"
                            text="CWA, BU Waiver"
                        />
                    </ComboBox>
                </f:content>
            </f:SimpleForm>

            <f:SimpleForm
                id="AddRowRoleAssign2"
                editable="true"
                layout="ColumnLayout"
                columnsM="1"
                columnsL="1"
                columnsXL="1"
                width="750px"
                class="sapUiNoMarginTop sapUiNoMarginEnd"
            >
                <f:content>
                    <Label
                        id="LabelRegion2"
                        text="{i18n>Region}"
                        labelFor="InRegion2"
                    />
                    <MultiComboBox
                        id="InRegion2"
                        items="{ path: '/REGION' }"
                        width="300px"
                        selectionChange="onRegionChange"
                        showSelectAll="true"
                    >
                        <core:ListItem
                            id="CLI21"
                            key="{REGION}"
                            text="{REGION}"
                        />
                    </MultiComboBox>

                    <Label
                        id="LabeSite2"
                        text="{i18n>Site}"
                        labelFor="InSiteAssignAdd2"
                    />
                    <MultiComboBox
                        id="InSiteAssignAdd2"
                        items="{ path: '/PLANT' }"
                        width="300px"
                        selectionChange="onPlantChange"
                        editable="false"
                        showSelectAll="true"
                    >
                        <core:ListItem
                            id="CLI22"
                            key="{PLANT}"
                            text="{PLANT}"
                        />
                    </MultiComboBox>

                    <Label
                        id="LabelCustomerAssign2"
                        text="{i18n>Customer}"
                        labelFor="InCustomerAssign2"
                    />
                    <MultiComboBox
                        id="InCustomerAssign2"
                        items="{ path: '/CUSTOMER' }"
                        width="300px"
                        selectionChange="onCustChange"
                        editable="false"
                        showSelectAll="true"
                    >
                        <core:ListItem
                            id="CLI32"
                            key="{CUSTOMER}"
                            text="{CUSTOMER}"
                        />
                    </MultiComboBox>

                    <Label
                        id="LabelProCenter2"
                        text="{i18n>ProfitCenter}"
                        labelFor="InProCenter2"
                    />
                    <MultiComboBox
                        id="InProCenter2"
                        items="{ path: '/PROFITCENTER' }"
                        width="300px"
                        editable="false"
                        showSelectAll="true"
                    >
                        <core:ListItem
                            id="CLI42"
                            key="{PROFITCENTER}"
                            text="{PROFITCENTER}"
                        />
                    </MultiComboBox>
                </f:content>
            </f:SimpleForm>
        </content>
        <footer>
            <Toolbar id="toolbarRoleAssign2">
                <content>
                    <Button
                        id="AcceptRoleAssign2"
                        type="Emphasized"
                        text="{i18n>BtnSave}"
                        press=".createRoleAssign"
                    />
                    <Button
                        id="RejectBtnRoleAssign2"
                        text="{i18n>BtnClose}"
                        press=".closeDialogRoleAssign2"
                    />
                </content>
            </Toolbar>
        </footer>
    </Dialog>
</core:FragmentDefinition>
