<core:FragmentDefinition
    xmlns="sap.m"
    xmlns:f="sap.ui.layout.form"
    xmlns:mvc="sap.ui.core.mvc"
    xmlns:core="sap.ui.core"
    xmlns:l="sap.ui.layout"
    xmlns:smartField="sap.ui.comp.smartfield"
    xmlns:smartmultiinput="sap.ui.comp.smartmultiinput"
>
    <Dialog
        id="AddNewUserDialog"
        title="{i18n>AddNewUser}"
        beforeOpen="onBeforeOpenAddDialog"
        afterOpen="onOpenOpenAddDialog"
    >
        <content>
            <f:SimpleForm
                id="AddNewUserForm"
                editable="true"
                layout="ColumnLayout"
                labelSpanXL="4"
                labelSpanL="4"
                labelSpanM="12"
                labelSpanS="12"
                adjustLabelSpan="false"
                emptySpanXL="0"
                emptySpanL="0"
                emptySpanM="0"
                emptySpanS="0"
                columnsXL="2"
                columnsL="2"
                columnsM="1"
                singleContainerFullSize="false"
                width="750px"
                class="sapUiNoMarginTop sapUiNoMarginEnd"
            >
                <f:content>
                    <Label
                        id="LabelUser"
                        text="{i18n>user}"
                        labelFor="InUser"
                    />

                    <Input
                        id="InUser"
                        required="true"
                        width="300px"
                        showValueHelp="true"
                        showSuggestion="true"
                        editable="true"
                        liveChange="handleSearchUser"
                        valueHelpRequest="onValueHelpChangeLogRequestedUser"
                        suggestionItems="{GraphUser>/}"
                        suggestionItemSelected="handleConfirmUser"
                    >
                        <suggestionItems>
                            <core:Item
                                key="{GraphUser>mail}"
                                text="{GraphUser>mail}"
                            />
                        </suggestionItems>
                    </Input>

                    <!-- <Label
                        id="LabelUserName"
                        text="{i18n>userName}"
                        labelFor="InUserName2"
                    />
                    <Input
                        id="InUserName2"
                        required="true"
                        value="{UserName}"
                        editable="true"
                        width="300px"
                    /> -->
                    <Label
                        id="LabelRoleName"
                        text="{i18n>RoleName}"
                        labelFor="InRoleName"
                    />
                    <ComboBox
                        id="InRoleName"
                        required="true"
                        width="300px"
                    >
                        <core:Item
                            id="Role1"
                            key="Admin"
                            text="Admin"
                        />
                        <core:Item
                            id="Role2"
                            key="Finance"
                            text="Finance"
                        />
                        <core:Item
                            id="Role3"
                            key="BUApprover"
                            text="Business Unit Approver"
                        />
                        <core:Item
                            id="Role4"
                            key="PLApprover"
                            text="Purchasing Lead Approver"
                        />
                        <core:Item
                            id="Role5"
                            key="Requestor"
                            text="Requestor"
                        />
                        <core:Item
                            id="Role6"
                            key="ITReader"
                            text="IT Reader"
                        />
                    </ComboBox>

                    <Label
                        id="LabelCoCd"
                        text="{i18n>CoCd}"
                        labelFor="InCoCd"
                    />
                    <!-- <smartField:SmartField
                        id="InCoCd"
                        value="{CompanyCode>CompanyCode}"
                        change="handlePlantChangeSf"
                        editable="true"
                        showSuggestion="true"
                        enabled="true"
                        visible="true"
                        width="300px"
                    >
                        
                    </smartField:SmartField> -->
                    <MultiComboBox
                        id="InCoCd"
                        required="true"
                        width="300px"
                        selectionChange="onCompanyChange"
                        items="{ path: '/COMPANYCODE'}"
                    >
                        <core:ListItem
                            key="{COMPANYCODE}"
                            text="{COMPANYCODE}"
                        />
                    </MultiComboBox>
                    <Label
                        id="LabelPlCd"
                        text="{i18n>PlCd}"
                        labelFor="InPlCd"
                    />
                    <MultiComboBox
                        id="InPlCd"
                        required="true"
                        width="300px"
                        editable="false"
                        items="{ path: '/PLANT'}"
                    >
                        <core:ListItem
                            key="{PLANTCODE}"
                            text="{PLANTCODE}"
                        />
                    </MultiComboBox>
                </f:content>
            </f:SimpleForm>
        </content>
        <footer>
            <Toolbar id="toolbarNewUser">
                <content>
                    <Button
                        id="AcceptNewUser"
                        type="Emphasized"
                        text="{i18n>BtnSave}"
                        press=".createNewUser"
                    />
                    <Button
                        id="RejectBtnNewUser"
                        text="{i18n>BtnClose}"
                        press=".closeDialogNewUser"
                    />
                </content>
            </Toolbar>
        </footer>
    </Dialog>
</core:FragmentDefinition>
