<core:FragmentDefinition
    xmlns="sap.m"
    xmlns:f="sap.ui.layout.form"
    xmlns:mvc="sap.ui.core.mvc"
    xmlns:core="sap.ui.core"
    xmlns:l="sap.ui.layout"
    xmlns:smartField="sap.ui.comp.smartfield"
    xmlns:smartmultiinput="sap.ui.comp.smartmultiinput"
>
    <Dialog
        id="EditUserDialog"
        title="{i18n>EditUser}"
        beforeOpen="onBeforeOpenEditDialog"
        afterOpen="onAfterOpenEditDialog"
    >
        <content>
            <f:SimpleForm
                id="EditUserForm"
                editable="true"
                layout="ColumnLayout"
                labelSpanXL="4"
                labelSpanL="4"
                labelSpanM="12"
                labelSpanS="12"
                adjustLabelSpan="false"
                emptySpanXL="0"
                emptySpanL="0"
                emptySpanM="0"
                emptySpanS="0"
                columnsXL="2"
                columnsL="2"
                columnsM="1"
                singleContainerFullSize="false"
                width="750px"
                class="sapUiNoMarginTop sapUiNoMarginEnd"
            >
                <f:content>
                    <Label
                        id="LabelEditUser"
                        text="{i18n>user}"
                        labelFor="EditUser"
                    />

                    <Input
                        id="EditUser"
                        required="true"
                        value="{user}"
                        width="300px"
                        editable="false"
                    />

                    <!-- <Label
                        id="LabelUserName"
                        text="{i18n>userName}"
                        labelFor="InUserName2"
                    />
                    <Input
                        id="InUserName2"
                        required="true"
                        value="{UserName}"
                        editable="true"
                        width="300px"
                    /> -->
                    <Label
                        id="LabelEditRoleName"
                        text="{i18n>RoleName}"
                        labelFor="EditRoleName"
                    />
                    <ComboBox
                        id="EditRoleName"
                        required="true"
                        width="300px"
                        value="{roleName}"
                    >
                        <core:Item
                            id="Role11"
                            key="Admin"
                            text="Admin"
                        />
                        <core:Item
                            id="Role12"
                            key="Finance"
                            text="Finance"
                        />
                        <core:Item
                            id="Role13"
                            key="BUApprover"
                            text="Business Unit Approver"
                        />
                        <core:Item
                            id="Role14"
                            key="PLApprover"
                            text="Purchasing Lead Approver"
                        />
                        <core:Item
                            id="Role15"
                            key="Requestor"
                            text="Requestor"
                        />
                        <core:Item
                            id="Role16"
                            key="ITReader"
                            text="IT Reader"
                        />
                    </ComboBox>
                </f:content>
            </f:SimpleForm>
            <f:SimpleForm
                id="EditUserForm2"
                editable="true"
                layout="ColumnLayout"
                labelSpanXL="4"
                labelSpanL="4"
                labelSpanM="12"
                labelSpanS="12"
                adjustLabelSpan="false"
                emptySpanXL="0"
                emptySpanL="0"
                emptySpanM="0"
                emptySpanS="0"
                columnsXL="2"
                columnsL="2"
                columnsM="1"
                singleContainerFullSize="false"
                width="750px"
                class="sapUiNoMarginTop sapUiNoMarginEnd"
            >
                <f:content>
                    <Label
                        id="LabelEditCoCd"
                        text="{i18n>CoCd}"
                        labelFor="EditCoCd"
                    />
                    <MultiComboBox
                        id="EditCoCd"
                        required="true"
                        width="300px"
                        value="{companyCode}"
                        selectionChange="onCompanyChangeEdit"
                        items="{ path: '/COMPANYCODE'}"
                    >
                        <core:ListItem
                            key="{COMPANYCODE}"
                            text="{COMPANYCODE}"
                        />
                    </MultiComboBox>

                    <Label
                        id="LabelEditPlCd"
                        text="{i18n>PlCd}"
                        labelFor="EditPlCd"
                    />
                    <MultiComboBox
                        id="EditPlCd"
                        required="true"
                        width="300px"
                        editable="false"
                        value="{plantCode}"
                        items="{ path: '/PLANT'}"
                    >
                        <core:ListItem
                            key="{PLANTCODE}"
                            text="{PLANTCODE}"
                        />
                    </MultiComboBox>
                </f:content>
            </f:SimpleForm>
        </content>
        <footer>
            <Toolbar id="toolbarEditUser">
                <content>
                    <Button
                        id="AcceptEditUser"
                        type="Emphasized"
                        text="{i18n>BtnSave}"
                        press=".updateUser"
                    />
                    <Button
                        id="RejectBtnEditUser"
                        text="{i18n>BtnClose}"
                        press=".closeDialogEditUser"
                    />
                </content>
            </Toolbar>
        </footer>
    </Dialog>
</core:FragmentDefinition>
